{
  "Ansi 5 Color" : {
    "Red Component" : 0.69274789094924927,
    "Color Space" : "Calibrated",
    "Blue Component" : 0.45152521133422852,
    "Alpha Component" : 1,
    "Green Component" : 0.54185044765472412
  },
  "Tags" : [

  ],
  "Ansi 12 Color" : {
    "Red Component" : 0.41476285457611084,
    "Color Space" : "Calibrated",
    "Blue Component" : 0.58500194549560547,
    "Alpha Component" : 1,
    "Green Component" : 0.55667883157730103
  },
  "Right Option Key Sends" : 0,
  "Ansi 7 Color" : {
    "Red Component" : 0.926361083984375,
    "Color Space" : "Calibrated",
    "Blue Component" : 0.92634916305541992,
    "Alpha Component" : 1,
    "Green Component" : 0.92633336782455444
  },
  "Bold Color" : {
    "Red Component" : 0.50599193572998047,
    "Color Space" : "Calibrated",
    "Blue Component" : 0.56363654136657715,
    "Alpha Component" : 1,
    "Green Component" : 0.56485837697982788
  },
  "Ansi 8 Color" : {
    "Red Component" : 0.36575967073440552,
    "Color Space" : "Calibrated",
    "Blue Component" : 0.47517657279968262,
    "Alpha Component" : 1,
    "Green Component" : 0.43882066011428833
  },
  "Ansi 9 Color" : {
    "Red Component" : 0.52625101804733276,
    "Color Space" : "Calibrated",
    "Blue Component" : 0.35651609301567078,
    "Alpha Component" : 1,
    "Green Component" : 0.37245729565620422
  },
  "Ansi 6 Color" : {
    "Red Component" : 0.53439491987228394,
    "Color Space" : "Calibrated",
    "Blue Component" : 0.67338782548904419,
    "Alpha Component" : 1,
    "Green Component" : 0.69986569881439209
  },
  "Rows" : 25,
  "Default Bookmark" : "No",
  "Ansi 4 Color" : {
    "Red Component" : 0.41476285457611084,
    "Color Space" : "Calibrated",
    "Blue Component" : 0.58500194549560547,
    "Alpha Component" : 1,
    "Green Component" : 0.55667883157730103
  },
  "Cursor Guide Color" : {
    "Red Component" : 0.64999997615814209,
    "Color Space" : "Calibrated",
    "Blue Component" : 1,
    "Alpha Component" : 0.25,
    "Green Component" : 0.9100000262260437
  },
  "Non-ASCII Anti Aliased" : true,
  "Use Bright Bold" : true,
  "Ansi 10 Color" : {
    "Red Component" : 0.39990437030792236,
    "Color Space" : "Calibrated",
    "Blue Component" : 0.49189478158950806,
    "Alpha Component" : 1,
    "Green Component" : 0.56450885534286499
  },
  "Ambiguous Double Width" : false,
  "Jobs to Ignore" : [
    "rlogin",
    "ssh",
    "slogin",
    "telnet"
  ],
  "Ansi 15 Color" : {
    "Red Component" : 0.926361083984375,
    "Color Space" : "Calibrated",
    "Blue Component" : 0.92634916305541992,
    "Alpha Component" : 1,
    "Green Component" : 0.92633336782455444
  },
  "Foreground Color" : {
    "Red Component" : 0.926361083984375,
    "Color Space" : "Calibrated",
    "Blue Component" : 0.92634916305541992,
    "Alpha Component" : 1,
    "Green Component" : 0.92633336782455444
  },
  "Bound Hosts" : [

  ],
  "Working Directory" : "\/Users\/quasimonomial",
  "Blinking Cursor" : false,
  "Disable Window Resizing" : true,
  "Sync Title" : false,
  "Prompt Before Closing 2" : false,
  "BM Growl" : true,
  "Command" : "\/bin\/bash",
  "Description" : "Default",
  "Mouse Reporting" : true,
  "Screen" : -1,
  "Selection Color" : {
    "Red Component" : 0,
    "Color Space" : "Calibrated",
    "Blue Component" : 0.19370138645172119,
    "Alpha Component" : 1,
    "Green Component" : 0.15575926005840302
  },
  "Columns" : 80,
  "Idle Code" : 0,
  "Ansi 13 Color" : {
    "Red Component" : 0.69274789094924927,
    "Color Space" : "Calibrated",
    "Blue Component" : 0.45152521133422852,
    "Alpha Component" : 1,
    "Green Component" : 0.54185044765472412
  },
  "Custom Command" : "Yes",
  "ASCII Anti Aliased" : true,
  "Non Ascii Font" : "Monaco 12",
  "Vertical Spacing" : 1,
  "Use Bold Font" : true,
  "Option Key Sends" : 0,
  "Selected Text Color" : {
    "Red Component" : 0.50599193572998047,
    "Color Space" : "Calibrated",
    "Blue Component" : 0.56363654136657715,
    "Alpha Component" : 1,
    "Green Component" : 0.56485837697982788
  },
  "Background Color" : {
    "Red Component" : 0.17076127231121063,
    "Color Space" : "Calibrated",
    "Blue Component" : 0.25302484631538391,
    "Alpha Component" : 1,
    "Green Component" : 0.22188133001327515
  },
  "Character Encoding" : 4,
  "Ansi 11 Color" : {
    "Red Component" : 0.69542568922042847,
    "Color Space" : "Calibrated",
    "Blue Component" : 0.56413602828979492,
    "Alpha Component" : 1,
    "Green Component" : 0.66249203681945801
  },
  "Use Italic Font" : true,
  "Unlimited Scrollback" : true,
  "Keyboard Map" : {
    "0xf712-0x40000" : {
      "Action" : 10,
      "Text" : "[28;5~"
    },
    "0xf70b-0x40000" : {
      "Action" : 10,
      "Text" : "[19;5~"
    },
    "0xf702-0x280000" : {
      "Action" : 10,
      "Text" : "b"
    },
    "0xf70d-0x20000" : {
      "Action" : 10,
      "Text" : "[21;2~"
    },
    "0xf706-0x40000" : {
      "Action" : 10,
      "Text" : "[1;5R"
    },
    "0xf708-0x20000" : {
      "Action" : 10,
      "Text" : "[15;2~"
    },
    "0x33-0x40000" : {
      "Action" : 11,
      "Text" : "0x1b"
    },
    "0xf703-0x260000" : {
      "Action" : 10,
      "Text" : "[1;6C"
    },
    "0xf729-0x20000" : {
      "Action" : 10,
      "Text" : "[1;2H"
    },
    "0xf70f-0x40000" : {
      "Action" : 10,
      "Text" : "[24;5~"
    },
    "0xf702-0x260000" : {
      "Action" : 10,
      "Text" : "[1;6D"
    },
    "0xf711-0x40000" : {
      "Action" : 10,
      "Text" : "[26;5~"
    },
    "0x38-0x40000" : {
      "Action" : 11,
      "Text" : "0x7f"
    },
    "0xf70a-0x40000" : {
      "Action" : 10,
      "Text" : "[18;5~"
    },
    "0xf72b-0x40000" : {
      "Action" : 10,
      "Text" : "[1;5F"
    },
    "0xf70c-0x20000" : {
      "Action" : 10,
      "Text" : "[20;2~"
    },
    "0xf705-0x40000" : {
      "Action" : 10,
      "Text" : "[1;5Q"
    },
    "0xf701-0x260000" : {
      "Action" : 10,
      "Text" : "[1;6B"
    },
    "0x32-0x40000" : {
      "Action" : 11,
      "Text" : "0x00"
    },
    "0xf707-0x20000" : {
      "Action" : 10,
      "Text" : "[1;2S"
    },
    "0xf703-0x240000" : {
      "Action" : 10,
      "Text" : "[1;5C"
    },
    "0xf700-0x260000" : {
      "Action" : 10,
      "Text" : "[1;6A"
    },
    "0xf702-0x240000" : {
      "Action" : 10,
      "Text" : "[1;5D"
    },
    "0xf703-0x300000" : {
      "Action" : 10,
      "Text" : "OF"
    },
    "0x37-0x40000" : {
      "Action" : 11,
      "Text" : "0x1f"
    },
    "0xf70e-0x40000" : {
      "Action" : 10,
      "Text" : "[23;5~"
    },
    "0xf710-0x40000" : {
      "Action" : 10,
      "Text" : "[25;5~"
    },
    "0xf709-0x40000" : {
      "Action" : 10,
      "Text" : "[17;5~"
    },
    "0xf701-0x240000" : {
      "Action" : 10,
      "Text" : "[1;5B"
    },
    "0xf702-0x300000" : {
      "Action" : 10,
      "Text" : "OH"
    },
    "0xf703-0x220000" : {
      "Action" : 10,
      "Text" : "[1;2C"
    },
    "0xf704-0x40000" : {
      "Action" : 10,
      "Text" : "[1;5P"
    },
    "0xf70b-0x20000" : {
      "Action" : 10,
      "Text" : "[19;2~"
    },
    "0xf706-0x20000" : {
      "Action" : 10,
      "Text" : "[1;2R"
    },
    "0xf700-0x240000" : {
      "Action" : 10,
      "Text" : "[1;5A"
    },
    "0xf702-0x220000" : {
      "Action" : 10,
      "Text" : "[1;2D"
    },
    "0x36-0x40000" : {
      "Action" : 11,
      "Text" : "0x1e"
    },
    "0xf70d-0x40000" : {
      "Action" : 10,
      "Text" : "[21;5~"
    },
    "0xf70f-0x20000" : {
      "Action" : 10,
      "Text" : "[24;2~"
    },
    "0xf701-0x220000" : {
      "Action" : 10,
      "Text" : "[1;2B"
    },
    "0xf708-0x40000" : {
      "Action" : 10,
      "Text" : "[15;5~"
    },
    "0xf70a-0x20000" : {
      "Action" : 10,
      "Text" : "[18;2~"
    },
    "0xf729-0x40000" : {
      "Action" : 10,
      "Text" : "[1;5H"
    },
    "0xf72b-0x20000" : {
      "Action" : 10,
      "Text" : "[1;2F"
    },