{
  "Ansi 6 Color" : {
    "Green Component" : 0.64909881353378296,
    "Red Component" : 0.45652055740356445,
    "Blue Component" : 0.67768925428390503
  },
  "Tags" : [

  ],
  "Ansi 12 Color" : {
    "Green Component" : 0.82760012149810791,
    "Red Component" : 0.7224687933921814,
    "Blue Component" : 0.93095844984054565
  },
  "Ansi 7 Color" : {
    "Green Component" : 0.85797154903411865,
    "Red Component" : 0.87773138284683228,
    "Blue Component" : 0.71936088800430298
  },
  "Ansi 8 Color" : {
    "Green Component" : 0.42290288209915161,
    "Red Component" : 0.60647803544998169,
    "Blue Component" : 0.28995892405509949
  },
  "Bold Color" : {
    "Green Component" : 0.97382241487503052,
    "Red Component" : 0.99951791763305664,
    "Blue Component" : 0.84511500597000122
  },
  "Ansi 9 Color" : {
    "Green Component" : 0.27362823486328125,
    "Red Component" : 0.91030007600784302,
    "Blue Component" : 0.15134860575199127
  },
  "Ansi 4 Color" : {
    "Green Component" : 0.52710437774658203,
    "Red Component" : 0.35345837473869324,
    "Blue Component" : 0.67741340398788452
  },
  "Ansi 5 Color" : {
    "Green Component" : 0.50375771522521973,
    "Red Component" : 0.6740577220916748,
    "Blue Component" : 0.65106701850891113
  },
  "Rows" : 25,
  "Default Bookmark" : "No",
  "Cursor Guide Color" : {
    "Red Component" : 0.70213186740875244,
    "Color Space" : "sRGB",
    "Blue Component" : 1,
    "Alpha Component" : 0.25,
    "Green Component" : 0.9268307089805603
  },
  "Non-ASCII Anti Aliased" : true,
  "Use Bright Bold" : true,
  "Ansi 10 Color" : {
    "Green Component" : 0.84610497951507568,
    "Red Component" : 0.58333438634872437,
    "Blue Component" : 0.72976309061050415
  },
  "Ambiguous Double Width" : false,
  "Jobs to Ignore" : [
    "rlogin",
    "ssh",
    "slogin",
    "telnet"
  ],
  "Ansi 15 Color" : {
    "Green Component" : 0.97758716344833374,
    "Red Component" : 1,
    "Blue Component" : 0.8351435661315918
  },
  "Foreground Color" : {
    "Green Component" : 0.85797154903411865,
    "Red Component" : 0.87773138284683228,
    "Blue Component" : 0.71936088800430298
  },
  "Bound Hosts" : [

  ],
  "Working Directory" : "\/Users\/quasimonomial",
  "Blinking Cursor" : false,
  "Disable Window Resizing" : true,
  "Sync Title" : false,
  "Prompt Before Closing 2" : false,
  "BM Growl" : true,
  "Command" : "chsh -s \/bin\/zsh",
  "Description" : "Default",
  "Mouse Reporting" : true,
  "Screen" : -1,
  "Selection Color" : {
    "Green Component" : 0.23570387065410614,
    "Red Component" : 0.33870631456375122,
    "Blue Component" : 0.15426947176456451
  },
  "Columns" : 80,
  "Idle Code" : 0,
  "Ansi 13 Color" : {
    "Green Component" : 0.61920696496963501,
    "Red Component" : 0.81954622268676758,
    "Blue Component" : 0.79515838623046875
  },
  "Custom Command" : "No",
  "ASCII Anti Aliased" : true,
  "Non Ascii Font" : "Monaco 12",
  "Vertical Spacing" : 1,
  "Use Bold Font" : true,
  "Option Key Sends" : 0,
  "Selected Text Color" : {
    "Green Component" : 0.85756069421768188,
    "Red Component" : 0.87770605087280273,
    "Blue Component" : 0.73303204774856567
  },
  "Background Color" : {
    "Green Component" : 0.11964945495128632,
    "Red Component" : 0.1651807576417923,
    "Blue Component" : 0.11481549590826035
  },
  "Character Encoding" : 4,
  "Ansi 11 Color" : {
    "Green Component" : 0.81913775205612183,
    "Red Component" : 0.81679880619049072,
    "Blue Component" : 0.31353288888931274
  },
  "Use Italic Font" : true,
  "Unlimited Scrollback" : true,
  "Keyboard Map" : {
    "0xf712-0x40000" : {
      "Action" : 10,
      "Text" : "[28;5~"
    },
    "0xf70b-0x40000" : {
      "Action" : 10,
      "Text" : "[19;5~"
    },
    "0xf702-0x280000" : {
      "Action" : 10,
      "Text" : "b"
    },
    "0xf70d-0x20000" : {
      "Action" : 10,
      "Text" : "[21;2~"
    },
    "0xf706-0x40000" : {
      "Action" : 10,
      "Text" : "[1;5R"
    },
    "0xf708-0x20000" : {
      "Action" : 10,
      "Text" : "[15;2~"
    },
    "0x33-0x40000" : {
      "Action" : 11,
      "Text" : "0x1b"
    },
    "0xf703-0x260000" : {
      "Action" : 10,
      "Text" : "[1;6C"
    },
    "0xf729-0x20000" : {
      "Action" : 10,
      "Text" : "[1;2H"
    },
    "0xf70f-0x40000" : {
      "Action" : 10,
      "Text" : "[24;5~"
    },
    "0xf702-0x260000" : {
      "Action" : 10,
      "Text" : "[1;6D"
    },
    "0xf711-0x40000" : {
      "Action" : 10,
      "Text" : "[26;5~"
    },
    "0x38-0x40000" : {
      "Action" : 11,
      "Text" : "0x7f"
    },
    "0xf70a-0x40000" : {
      "Action" : 10,
      "Text" : "[18;5~"
    },
    "0xf72b-0x40000" : {
      "Action" : 10,
      "Text" : "[1;5F"
    },
    "0xf70c-0x20000" : {
      "Action" : 10,
      "Text" : "[20;2~"
    },
    "0xf705-0x40000" : {
      "Action" : 10,
      "Text" : "[1;5Q"
    },
    "0xf701-0x260000" : {
      "Action" : 10,
      "Text" : "[1;6B"
    },
    "0x32-0x40000" : {
      "Action" : 11,
      "Text" : "0x00"
    },
    "0xf707-0x20000" : {
      "Action" : 10,
      "Text" : "[1;2S"
    },
    "0xf703-0x240000" : {
      "Action" : 10,
      "Text" : "[1;5C"
    },
    "0xf700-0x260000" : {
      "Action" : 10,
      "Text" : "[1;6A"
    },
    "0xf702-0x240000" : {
      "Action" : 10,
      "Text" : "[1;5D"
    },
    "0xf703-0x300000" : {
      "Action" : 10,
      "Text" : "OF"
    },
    "0x37-0x40000" : {
      "Action" : 11,
      "Text" : "0x1f"
    },
    "0xf70e-0x40000" : {
      "Action" : 10,
      "Text" : "[23;5~"
    },
    "0xf710-0x40000" : {
      "Action" : 10,
      "Text" : "[25;5~"
    },
    "0xf709-0x40000" : {
      "Action" : 10,
      "Text" : "[17;5~"
    },
    "0xf701-0x240000" : {
      "Action" : 10,
      "Text" : "[1;5B"
    },
    "0xf702-0x300000" : {
      "Action" : 10,
      "Text" : "OH"
    },
    "0xf703-0x220000" : {
      "Action" : 10,
      "Text" : "[1;2C"
    },
    "0xf704-0x40000" : {
      "Action" : 10,
      "Text" : "[1;5P"
    },
    "0xf70b-0x20000" : {
      "Action" : 10,
      "Text" : "[19;2~"
    },
    "0xf706-0x20000" : {
      "Action" : 10,
      "Text" : "[1;2R"
    },
    "0xf700-0x240000" : {
      "Action" : 10,
      "Text" : "[1;5A"
    },
    "0xf702-0x220000" : {
      "Action" : 10,
      "Text" : "[1;2D"
    },
    "0x36-0x40000" : {
      "Action" : 11,
      "Text" : "0x1e"
    },
    "0xf70d-0x40000" : {
      "Action" : 10,
      "Text" : "[21;5~"
    },
    "0xf70f-0x20000" : {
      "Action" : 10,
      "Text" : "[24;2~"
    },
    "0xf701-0x220000" : {
      "Action" : 10,
      "Text" : "[1;2B"
    },
    "0xf708-0x40000" : {
      "Action" : 10,
      "Text" : "[15;5~"
    },
    "0xf70a-0x20000" : {
      "Action" : 10,
      "Text" : "[18;2~"
    },
    "0xf729-0x40000" : {
      "Action" : 10,
      "Text" : "[1;5H"
    },
    "0xf72b-0x20000" : {
      "Action" : 10,
      "Text" : "[1;2F"
    },
    "0xf700-0x220000" : {
      "Action" : 10,
      "Text" : "[1;2A"
    },
    "0xf705-0x20000" : {
      "Action" : 10,
      "Text" : "[1;2Q"
    },
    "0x35-0x40000" : {
      "Action" : 11,
      "Text" : "0x1d"
    },
    "0xf70c-0x40000" : {
      "Action" : 10,
      "Text" : "[20;5~"
    },
    "0x2d-0x40000" : {
      "Action" : 11,
      "Text" : "0x1f"
    },
    "0xf70e-0x20000" : {
      "Action" : 10,
      "Text" : "[23;2~"
    },
    "0xf707-0x40000" : {
      "Action" : 10,
      "Text" : "[1;5S"
    },
    "0xf709-0x20000" : {
      "Action" : 10,
      "Text" : "[17;2~"
    },
    "0xf704-0x20000" : {
      "Action" : 10,
      "Text" : "[1;2P"
    },
    "0x34-0x40000" : {
      "Action" : 11,
      "Text" : "0x1c"
    },
    "0xf703-0x280000" : {
      "Action" : 10,
      "Text" : "f"
    }
  },
  "Window Type" : 0,
  "Initial Text" : "",
  "Background Image Location" : "",
  "Blur" : false,
  "Badge Color" : {
    "Red Component" : 1,
    "Color Space" : "sRGB",
    "Blue Component" : 0,